--
-- PostgreSQL database dump
--

-- Dumped from database version 9.3.4
-- Dumped by pg_dump version 9.6.2

SET statement_timeout = 0;
SET lock_timeout = 0;
SET idle_in_transaction_session_timeout = 0;
SET client_encoding = 'UTF8';
SET standard_conforming_strings = on;
SET check_function_bodies = false;
SET client_min_messages = warning;
SET row_security = off;

--
-- Name: plpgsql; Type: EXTENSION; Schema: -; Owner: 
--

CREATE EXTENSION IF NOT EXISTS plpgsql WITH SCHEMA pg_catalog;


--
-- Name: EXTENSION plpgsql; Type: COMMENT; Schema: -; Owner: 
--

COMMENT ON EXTENSION plpgsql IS 'PL/pgSQL procedural language';


SET search_path = public, pg_catalog;

SET default_tablespace = '';

SET default_with_oids = false;

--
-- Name: schema_migrations; Type: TABLE; Schema: public; Owner: postgres
--

CREATE TABLE schema_migrations (
    version bigint NOT NULL,
    inserted_at timestamp without time zone
);


ALTER TABLE schema_migrations OWNER TO postgres;

--
-- Name: sets; Type: TABLE; Schema: public; Owner: postgres
--

CREATE TABLE sets (
    id integer NOT NULL,
    which character varying(255),
    show_id integer,
    inserted_at timestamp without time zone NOT NULL,
    updated_at timestamp without time zone NOT NULL,
    opener_id integer
);


ALTER TABLE sets OWNER TO postgres;

--
-- Name: sets_id_seq; Type: SEQUENCE; Schema: public; Owner: postgres
--

CREATE SEQUENCE sets_id_seq
    START WITH 1
    INCREMENT BY 1
    NO MINVALUE
    NO MAXVALUE
    CACHE 1;


ALTER TABLE sets_id_seq OWNER TO postgres;

--
-- Name: sets_id_seq; Type: SEQUENCE OWNED BY; Schema: public; Owner: postgres
--

ALTER SEQUENCE sets_id_seq OWNED BY sets.id;


--
-- Name: shows; Type: TABLE; Schema: public; Owner: postgres
--

CREATE TABLE shows (
    id integer NOT NULL,
    date timestamp without time zone,
    inserted_at timestamp without time zone NOT NULL,
    updated_at timestamp without time zone NOT NULL,
    venue_id integer
);


ALTER TABLE shows OWNER TO postgres;

--
-- Name: shows_id_seq; Type: SEQUENCE; Schema: public; Owner: postgres
--

CREATE SEQUENCE shows_id_seq
    START WITH 1
    INCREMENT BY 1
    NO MINVALUE
    NO MAXVALUE
    CACHE 1;


ALTER TABLE shows_id_seq OWNER TO postgres;

--
-- Name: shows_id_seq; Type: SEQUENCE OWNED BY; Schema: public; Owner: postgres
--

ALTER SEQUENCE shows_id_seq OWNED BY shows.id;


--
-- Name: song_performances; Type: TABLE; Schema: public; Owner: postgres
--

CREATE TABLE song_performances (
    id integer NOT NULL,
    set_id integer,
    song_id integer,
    "position" integer,
    inserted_at timestamp without time zone NOT NULL,
    updated_at timestamp without time zone NOT NULL,
    antecedent_id integer
);


ALTER TABLE song_performances OWNER TO postgres;

--
-- Name: song_performances_id_seq; Type: SEQUENCE; Schema: public; Owner: postgres
--

CREATE SEQUENCE song_performances_id_seq
    START WITH 1
    INCREMENT BY 1
    NO MINVALUE
    NO MAXVALUE
    CACHE 1;


ALTER TABLE song_performances_id_seq OWNER TO postgres;

--
-- Name: song_performances_id_seq; Type: SEQUENCE OWNED BY; Schema: public; Owner: postgres
--

ALTER SEQUENCE song_performances_id_seq OWNED BY song_performances.id;


--
-- Name: songs; Type: TABLE; Schema: public; Owner: postgres
--

CREATE TABLE songs (
    id integer NOT NULL,
    name character varying(255),
    shortname character varying(255),
    author character varying(255),
    inserted_at timestamp without time zone NOT NULL,
    updated_at timestamp without time zone NOT NULL
);


ALTER TABLE songs OWNER TO postgres;

--
-- Name: songs_id_seq; Type: SEQUENCE; Schema: public; Owner: postgres
--

CREATE SEQUENCE songs_id_seq
    START WITH 1
    INCREMENT BY 1
    NO MINVALUE
    NO MAXVALUE
    CACHE 1;


ALTER TABLE songs_id_seq OWNER TO postgres;

--
-- Name: songs_id_seq; Type: SEQUENCE OWNED BY; Schema: public; Owner: postgres
--

ALTER SEQUENCE songs_id_seq OWNED BY songs.id;


--
-- Name: venues; Type: TABLE; Schema: public; Owner: postgres
--

CREATE TABLE venues (
    id integer NOT NULL,
    name character varying(255),
    location character varying(255),
    capacity character varying(255),
    inserted_at timestamp without time zone NOT NULL,
    updated_at timestamp without time zone NOT NULL
);


ALTER TABLE venues OWNER TO postgres;

--
-- Name: venues_id_seq; Type: SEQUENCE; Schema: public; Owner: postgres
--

CREATE SEQUENCE venues_id_seq
    START WITH 1
    INCREMENT BY 1
    NO MINVALUE
    NO MAXVALUE
    CACHE 1;


ALTER TABLE venues_id_seq OWNER TO postgres;

--
-- Name: venues_id_seq; Type: SEQUENCE OWNED BY; Schema: public; Owner: postgres
--

ALTER SEQUENCE venues_id_seq OWNED BY venues.id;


--
-- Name: sets id; Type: DEFAULT; Schema: public; Owner: postgres
--

ALTER TABLE ONLY sets ALTER COLUMN id SET DEFAULT nextval('sets_id_seq'::regclass);


--
-- Name: shows id; Type: DEFAULT; Schema: public; Owner: postgres
--

ALTER TABLE ONLY shows ALTER COLUMN id SET DEFAULT nextval('shows_id_seq'::regclass);


--
-- Name: song_performances id; Type: DEFAULT; Schema: public; Owner: postgres
--

ALTER TABLE ONLY song_performances ALTER COLUMN id SET DEFAULT nextval('song_performances_id_seq'::regclass);


--
-- Name: songs id; Type: DEFAULT; Schema: public; Owner: postgres
--

ALTER TABLE ONLY songs ALTER COLUMN id SET DEFAULT nextval('songs_id_seq'::regclass);


--
-- Name: venues id; Type: DEFAULT; Schema: public; Owner: postgres
--

ALTER TABLE ONLY venues ALTER COLUMN id SET DEFAULT nextval('venues_id_seq'::regclass);


--
-- Data for Name: schema_migrations; Type: TABLE DATA; Schema: public; Owner: postgres
--

COPY schema_migrations (version, inserted_at) FROM stdin;
20170909030344	2017-12-09 22:46:35.392379
20171116035538	2017-12-09 22:46:35.460163
20171207035906	2017-12-09 22:46:35.480972
20171210003451	2017-12-10 00:37:15.663201
\.


--
-- Data for Name: sets; Type: TABLE DATA; Schema: public; Owner: postgres
--

COPY sets (id, which, show_id, inserted_at, updated_at, opener_id) FROM stdin;
1	1	1	2017-12-09 22:51:02.221211	2017-12-09 23:18:08.244182	4
2	2	1	2017-12-09 23:28:47.778712	2017-12-09 23:28:51.277565	15
3	e1	1	2017-12-09 23:29:49.66497	2017-12-09 23:29:54.98864	25
4	1	2	2017-12-09 23:30:42.462693	2017-12-09 23:30:46.879472	26
5	2	2	2017-12-09 23:31:52.976279	2017-12-09 23:31:58.733258	34
6	e1	2	2017-12-09 23:33:29.868746	2017-12-09 23:33:32.731445	44
7	1	3	2017-12-09 23:53:52.203267	2017-12-09 23:54:03.95373	45
9	1	4	2017-12-10 00:00:06.351485	2017-12-10 00:00:09.087109	56
10	2	4	2017-12-10 00:01:28.178781	2017-12-10 00:01:30.372864	63
11	e1	4	2017-12-10 00:04:11.331768	2017-12-10 00:04:14.281227	74
12	1	5	2017-12-10 00:04:49.674618	2017-12-10 00:04:57.939758	75
13	2	5	2017-12-10 00:06:03.21266	2017-12-10 00:06:07.019962	81
14	e1	5	2017-12-10 00:07:16.543375	2017-12-10 00:07:19.038198	87
15	1	6	2017-12-10 00:08:06.715663	2017-12-10 00:08:13.451659	88
16	1	7	2017-12-10 00:11:48.69001	2017-12-10 00:11:50.405244	95
17	2	7	2017-12-10 00:12:44.521719	2017-12-10 00:12:54.100174	102
18	e1	7	2017-12-10 00:13:57.490393	2017-12-10 00:13:59.946106	108
19	1	8	2017-12-10 00:17:03.69683	2017-12-10 00:17:14.538394	109
20	2	8	2017-12-10 00:18:09.777899	2017-12-10 00:18:11.808509	115
21	e1	8	2017-12-10 00:19:50.74431	2017-12-10 00:19:56.676774	125
22	1	9	2017-12-10 00:21:25.780324	2017-12-10 00:21:28.570138	127
23	1	10	2017-12-10 00:24:22.997548	2017-12-10 00:24:26.300204	135
24	2	10	2017-12-10 00:52:54.281686	2017-12-10 00:52:57.870176	145
25	e1	10	2017-12-10 00:55:43.650066	2017-12-10 00:55:50.942955	155
\.


--
-- Name: sets_id_seq; Type: SEQUENCE SET; Schema: public; Owner: postgres
--

SELECT pg_catalog.setval('sets_id_seq', 25, true);


--
-- Data for Name: shows; Type: TABLE DATA; Schema: public; Owner: postgres
--

COPY shows (id, date, inserted_at, updated_at, venue_id) FROM stdin;
1	2013-01-26 00:00:00	2017-12-09 22:50:42.269052	2017-12-09 22:50:42.269057	1
2	2013-12-27 00:00:00	2017-12-09 23:30:37.5897	2017-12-09 23:30:37.589705	2
3	2014-08-01 00:00:00	2017-12-09 23:53:46.495515	2017-12-09 23:53:46.49552	3
4	2014-09-19 00:00:00	2017-12-10 00:00:02.756031	2017-12-10 00:00:02.756036	4
5	2014-09-20 00:00:00	2017-12-10 00:04:44.913132	2017-12-10 00:04:44.913137	4
6	2014-10-05 00:00:00	2017-12-10 00:08:01.801896	2017-12-10 00:08:01.801902	5
7	2014-10-10 00:00:00	2017-12-10 00:11:38.23542	2017-12-10 00:11:38.235424	6
8	2014-10-11 00:00:00	2017-12-10 00:15:10.111257	2017-12-10 00:17:02.207018	7
9	2014-11-02 00:00:00	2017-12-10 00:21:21.684018	2017-12-10 00:21:21.684023	8
10	2014-12-29 00:00:00	2017-12-10 00:24:19.558705	2017-12-10 00:24:19.55871	2
\.


--
-- Name: shows_id_seq; Type: SEQUENCE SET; Schema: public; Owner: postgres
--

SELECT pg_catalog.setval('shows_id_seq', 10, true);


--
-- Data for Name: song_performances; Type: TABLE DATA; Schema: public; Owner: postgres
--

COPY song_performances (id, set_id, song_id, "position", inserted_at, updated_at, antecedent_id) FROM stdin;
4	1	6	1	2017-12-09 23:18:08.230936	2017-12-09 23:18:08.237694	\N
5	1	3	1	2017-12-09 23:23:19.702814	2017-12-09 23:23:19.702821	\N
6	1	3	2	2017-12-09 23:27:02.532615	2017-12-09 23:27:02.532622	4
7	1	62	3	2017-12-09 23:27:29.461633	2017-12-09 23:27:29.46164	6
8	1	33	4	2017-12-09 23:27:34.521649	2017-12-09 23:27:34.521657	7
9	1	82	5	2017-12-09 23:27:36.697746	2017-12-09 23:27:36.697753	8
10	1	16	6	2017-12-09 23:27:40.216573	2017-12-09 23:27:40.21658	9
11	1	120	7	2017-12-09 23:27:44.592604	2017-12-09 23:27:44.592611	10
12	1	103	8	2017-12-09 23:28:21.925106	2017-12-09 23:28:21.925114	11
13	1	23	9	2017-12-09 23:28:33.923404	2017-12-09 23:28:33.923411	12
14	1	58	10	2017-12-09 23:28:39.798766	2017-12-09 23:28:39.798774	13
15	2	41	1	2017-12-09 23:28:51.276074	2017-12-09 23:28:51.27608	\N
16	2	42	2	2017-12-09 23:29:00.186359	2017-12-09 23:29:00.186367	15
17	2	56	3	2017-12-09 23:29:08.50347	2017-12-09 23:29:08.503477	16
18	2	107	4	2017-12-09 23:29:10.550002	2017-12-09 23:29:10.55001	17
19	2	45	5	2017-12-09 23:29:13.374249	2017-12-09 23:29:13.374256	18
20	2	112	6	2017-12-09 23:29:19.161695	2017-12-09 23:29:19.161702	19
21	2	124	7	2017-12-09 23:29:22.468612	2017-12-09 23:29:22.468619	20
22	2	22	8	2017-12-09 23:29:28.11643	2017-12-09 23:29:28.116437	21
23	2	126	9	2017-12-09 23:29:32.844113	2017-12-09 23:29:32.84412	22
24	2	138	10	2017-12-09 23:29:37.39644	2017-12-09 23:29:37.396447	23
25	3	135	1	2017-12-09 23:29:54.987213	2017-12-09 23:29:54.98722	\N
26	4	27	1	2017-12-09 23:30:46.878025	2017-12-09 23:30:46.878032	\N
27	4	133	2	2017-12-09 23:30:54.125719	2017-12-09 23:30:54.125726	26
28	4	39	3	2017-12-09 23:31:00.977536	2017-12-09 23:31:00.977543	27
29	4	29	4	2017-12-09 23:31:05.542391	2017-12-09 23:31:05.542398	28
30	4	99	5	2017-12-09 23:31:14.195864	2017-12-09 23:31:14.195871	29
31	4	6	6	2017-12-09 23:31:25.308017	2017-12-09 23:31:25.308023	30
32	4	40	7	2017-12-09 23:31:31.419416	2017-12-09 23:31:31.419423	31
33	4	103	8	2017-12-09 23:31:39.510949	2017-12-09 23:31:39.510956	32
34	5	102	1	2017-12-09 23:31:58.731415	2017-12-09 23:31:58.731422	\N
35	5	44	2	2017-12-09 23:32:04.833437	2017-12-09 23:32:04.833444	34
36	5	91	3	2017-12-09 23:32:37.147326	2017-12-09 23:32:37.147333	35
37	5	3	4	2017-12-09 23:32:43.928925	2017-12-09 23:32:43.928932	36
38	5	134	5	2017-12-09 23:32:50.953121	2017-12-09 23:32:50.953128	37
39	5	67	6	2017-12-09 23:32:58.552621	2017-12-09 23:32:58.552628	38
40	5	122	7	2017-12-09 23:33:10.76465	2017-12-09 23:33:10.764657	39
41	5	123	8	2017-12-09 23:33:15.867489	2017-12-09 23:33:15.867496	40
42	5	4	9	2017-12-09 23:33:17.736475	2017-12-09 23:33:17.736483	41
43	5	121	10	2017-12-09 23:33:20.33682	2017-12-09 23:33:20.336826	42
44	6	15	1	2017-12-09 23:33:32.730002	2017-12-09 23:33:32.730009	\N
45	7	137	1	2017-12-09 23:54:03.952137	2017-12-09 23:54:03.952144	\N
46	7	68	2	2017-12-09 23:54:11.052725	2017-12-09 23:54:11.052732	45
47	7	112	3	2017-12-09 23:54:17.941744	2017-12-09 23:54:17.941752	46
48	7	124	4	2017-12-09 23:54:22.948145	2017-12-09 23:54:22.948153	47
49	7	20	5	2017-12-09 23:54:35.285153	2017-12-09 23:54:35.285161	48
50	7	33	6	2017-12-09 23:54:43.514725	2017-12-09 23:54:43.514732	49
51	7	74	7	2017-12-09 23:54:49.243937	2017-12-09 23:54:49.243944	50
52	7	97	8	2017-12-09 23:54:55.620291	2017-12-09 23:54:55.620298	51
53	7	42	9	2017-12-09 23:55:00.781358	2017-12-09 23:55:00.781365	52
54	7	68	10	2017-12-09 23:55:09.059145	2017-12-09 23:55:09.059152	53
55	7	137	11	2017-12-09 23:55:15.355134	2017-12-09 23:55:15.35514	54
56	9	5	1	2017-12-10 00:00:09.085573	2017-12-10 00:00:09.085581	\N
57	9	46	2	2017-12-10 00:00:15.830981	2017-12-10 00:00:15.830988	56
58	9	29	3	2017-12-10 00:00:21.232802	2017-12-10 00:00:21.232809	57
59	9	138	4	2017-12-10 00:00:40.638904	2017-12-10 00:00:40.638911	58
60	9	137	5	2017-12-10 00:00:52.383595	2017-12-10 00:00:52.383601	59
61	9	133	6	2017-12-10 00:01:05.014766	2017-12-10 00:01:05.014773	60
62	9	126	7	2017-12-10 00:01:18.310575	2017-12-10 00:01:18.310582	61
63	10	4	1	2017-12-10 00:01:30.371469	2017-12-10 00:01:30.371476	\N
64	10	103	2	2017-12-10 00:01:36.461104	2017-12-10 00:01:36.461112	63
65	10	23	3	2017-12-10 00:01:43.077932	2017-12-10 00:01:43.07794	64
66	10	124	4	2017-12-10 00:01:50.469814	2017-12-10 00:01:50.469828	65
67	10	58	5	2017-12-10 00:02:05.728874	2017-12-10 00:02:05.728881	66
68	10	128	6	2017-12-10 00:03:33.025679	2017-12-10 00:03:33.025686	67
69	10	67	7	2017-12-10 00:03:43.135432	2017-12-10 00:03:43.135439	68
70	10	122	8	2017-12-10 00:03:49.593614	2017-12-10 00:03:49.593621	69
71	10	123	9	2017-12-10 00:03:53.623329	2017-12-10 00:03:53.623337	70
72	10	4	10	2017-12-10 00:03:57.558601	2017-12-10 00:03:57.558622	71
73	10	121	11	2017-12-10 00:04:00.310618	2017-12-10 00:04:00.310625	72
74	11	69	1	2017-12-10 00:04:14.279812	2017-12-10 00:04:14.279819	\N
75	12	24	1	2017-12-10 00:04:57.938366	2017-12-10 00:04:57.938373	\N
76	12	6	2	2017-12-10 00:05:08.72604	2017-12-10 00:05:08.726047	75
77	12	88	3	2017-12-10 00:05:15.164334	2017-12-10 00:05:15.164342	76
78	12	3	4	2017-12-10 00:05:25.55344	2017-12-10 00:05:25.553447	77
79	12	91	5	2017-12-10 00:05:37.178959	2017-12-10 00:05:37.178966	78
80	12	136	6	2017-12-10 00:05:43.980265	2017-12-10 00:05:43.980272	79
81	13	56	1	2017-12-10 00:06:07.018425	2017-12-10 00:06:07.01844	\N
82	13	107	2	2017-12-10 00:06:12.742765	2017-12-10 00:06:12.742772	81
83	13	45	3	2017-12-10 00:06:16.353051	2017-12-10 00:06:16.353058	82
84	13	140	4	2017-12-10 00:06:23.978314	2017-12-10 00:06:23.978321	83
85	13	80	5	2017-12-10 00:06:35.873646	2017-12-10 00:06:35.873653	84
86	13	112	6	2017-12-10 00:06:43.978293	2017-12-10 00:06:43.9783	85
87	14	87	1	2017-12-10 00:07:19.036814	2017-12-10 00:07:19.036821	\N
88	15	2	1	2017-12-10 00:08:13.450226	2017-12-10 00:08:13.450232	\N
89	15	102	2	2017-12-10 00:08:18.373096	2017-12-10 00:08:18.373104	88
90	15	44	3	2017-12-10 00:08:22.548458	2017-12-10 00:08:22.548466	89
91	15	112	4	2017-12-10 00:08:27.187757	2017-12-10 00:08:27.187764	90
92	15	58	5	2017-12-10 00:08:35.278095	2017-12-10 00:08:35.278102	91
93	15	67	6	2017-12-10 00:08:42.277338	2017-12-10 00:08:42.277345	92
94	15	122	7	2017-12-10 00:08:46.699824	2017-12-10 00:08:46.699831	93
95	16	48	1	2017-12-10 00:11:50.403695	2017-12-10 00:11:50.403702	\N
96	16	26	2	2017-12-10 00:11:58.998194	2017-12-10 00:11:58.998208	95
97	16	82	3	2017-12-10 00:12:04.201852	2017-12-10 00:12:04.201858	96
98	16	53	4	2017-12-10 00:12:10.385469	2017-12-10 00:12:10.385476	97
99	16	72	5	2017-12-10 00:12:16.361145	2017-12-10 00:12:16.361153	98
100	16	117	6	2017-12-10 00:12:22.16044	2017-12-10 00:12:22.160447	99
101	16	138	7	2017-12-10 00:12:28.224989	2017-12-10 00:12:28.224996	100
102	17	2	1	2017-12-10 00:12:54.098788	2017-12-10 00:12:54.098795	\N
103	17	42	2	2017-12-10 00:13:02.108745	2017-12-10 00:13:02.108752	102
104	17	66	3	2017-12-10 00:13:13.12337	2017-12-10 00:13:13.123376	103
105	17	32	4	2017-12-10 00:13:21.070559	2017-12-10 00:13:21.070567	104
106	17	102	5	2017-12-10 00:13:27.503298	2017-12-10 00:13:27.503305	105
107	17	44	6	2017-12-10 00:13:47.722561	2017-12-10 00:13:47.722568	106
108	18	98	1	2017-12-10 00:13:59.944668	2017-12-10 00:13:59.944675	\N
109	19	125	1	2017-12-10 00:17:14.536686	2017-12-10 00:17:14.536693	\N
110	19	16	2	2017-12-10 00:17:22.767172	2017-12-10 00:17:22.767179	109
111	19	9	3	2017-12-10 00:17:31.590918	2017-12-10 00:17:31.590925	110
112	19	58	4	2017-12-10 00:17:39.888791	2017-12-10 00:17:39.888798	111
113	19	40	5	2017-12-10 00:17:55.92638	2017-12-10 00:17:55.926387	112
114	19	87	6	2017-12-10 00:18:01.477699	2017-12-10 00:18:01.477706	113
115	20	103	1	2017-12-10 00:18:11.807202	2017-12-10 00:18:11.807209	\N
116	20	41	2	2017-12-10 00:18:17.239994	2017-12-10 00:18:17.240001	115
117	20	67	3	2017-12-10 00:18:23.935861	2017-12-10 00:18:23.935869	116
118	20	122	4	2017-12-10 00:18:28.767023	2017-12-10 00:18:28.76703	117
119	20	123	5	2017-12-10 00:18:33.870611	2017-12-10 00:18:33.870618	118
120	20	4	6	2017-12-10 00:18:36.848013	2017-12-10 00:18:36.84802	119
121	20	121	7	2017-12-10 00:18:39.807168	2017-12-10 00:18:39.807175	120
122	20	97	8	2017-12-10 00:18:50.144083	2017-12-10 00:18:50.144091	121
123	20	130	9	2017-12-10 00:19:06.893923	2017-12-10 00:19:06.89393	122
124	20	115	10	2017-12-10 00:19:19.712747	2017-12-10 00:19:19.712754	123
125	21	15	1	2017-12-10 00:19:56.675476	2017-12-10 00:19:56.675483	\N
126	21	52	2	2017-12-10 00:20:10.571469	2017-12-10 00:20:10.571475	125
128	22	137	2	2017-12-10 00:21:36.991312	2017-12-10 00:21:36.991319	127
129	22	144	3	2017-12-10 00:22:55.829867	2017-12-10 00:22:55.829874	128
135	23	133	1	2017-12-10 00:24:26.29867	2017-12-10 00:24:26.298676	\N
138	23	42	4	2017-12-10 00:25:19.428724	2017-12-10 00:25:19.428731	137
127	22	133	1	2017-12-10 00:21:28.568745	2017-12-10 00:21:28.568752	\N
130	22	140	4	2017-12-10 00:23:04.59889	2017-12-10 00:23:04.598897	129
131	22	26	5	2017-12-10 00:23:12.006838	2017-12-10 00:23:12.006845	130
134	22	45	8	2017-12-10 00:23:31.784415	2017-12-10 00:23:31.784423	133
132	22	56	6	2017-12-10 00:23:19.920207	2017-12-10 00:23:19.920214	131
133	22	107	7	2017-12-10 00:23:26.328606	2017-12-10 00:23:26.328613	132
136	23	62	2	2017-12-10 00:24:40.219687	2017-12-10 00:24:40.219694	135
137	23	41	3	2017-12-10 00:25:02.641276	2017-12-10 00:25:02.641283	136
142	23	26	5	2017-12-10 00:52:13.966522	2017-12-10 00:52:13.966529	138
143	23	66	6	2017-12-10 00:52:36.436964	2017-12-10 00:52:36.436971	142
144	23	14	7	2017-12-10 00:52:44.450997	2017-12-10 00:52:44.451004	143
145	24	76	1	2017-12-10 00:52:57.86864	2017-12-10 00:52:57.868647	\N
146	24	130	2	2017-12-10 00:53:06.258836	2017-12-10 00:53:06.258843	145
147	24	32	3	2017-12-10 00:53:12.597755	2017-12-10 00:53:12.597761	146
148	24	145	4	2017-12-10 00:54:35.176434	2017-12-10 00:54:35.176441	147
149	24	32	5	2017-12-10 00:54:52.241134	2017-12-10 00:54:52.241141	148
150	24	128	6	2017-12-10 00:54:59.077072	2017-12-10 00:54:59.077079	149
151	24	32	7	2017-12-10 00:55:07.463898	2017-12-10 00:55:07.463905	150
152	24	67	8	2017-12-10 00:55:20.343654	2017-12-10 00:55:20.343661	151
153	24	122	9	2017-12-10 00:55:25.304327	2017-12-10 00:55:25.304334	152
154	24	58	10	2017-12-10 00:55:33.382765	2017-12-10 00:55:33.382772	153
155	25	103	1	2017-12-10 00:55:50.941481	2017-12-10 00:55:50.941503	\N
\.


--
-- Name: song_performances_id_seq; Type: SEQUENCE SET; Schema: public; Owner: postgres
--

SELECT pg_catalog.setval('song_performances_id_seq', 155, true);


--
-- Data for Name: songs; Type: TABLE DATA; Schema: public; Owner: postgres
--

COPY songs (id, name, shortname, author, inserted_at, updated_at) FROM stdin;
1	Alabama Getaway	\N	\N	2017-12-09 22:47:28.881222	2017-12-09 22:47:28.888898
2	Alligator	\N	\N	2017-12-09 22:47:28.903189	2017-12-09 22:47:28.903195
3	Althea	\N	\N	2017-12-09 22:47:28.905696	2017-12-09 22:47:28.905702
4	At A Siding	\N	\N	2017-12-09 22:47:28.90821	2017-12-09 22:47:28.908217
5	Beat It On Down The Line	\N	\N	2017-12-09 22:47:28.910726	2017-12-09 22:47:28.910732
6	Bertha	\N	\N	2017-12-09 22:47:28.913287	2017-12-09 22:47:28.913293
7	Big Railroad Blues	\N	\N	2017-12-09 22:47:28.915611	2017-12-09 22:47:28.915617
8	Big River	\N	\N	2017-12-09 22:47:28.918552	2017-12-09 22:47:28.918559
9	Bird Song	\N	\N	2017-12-09 22:47:28.921049	2017-12-09 22:47:28.921055
10	Black Peter	\N	\N	2017-12-09 22:47:28.923532	2017-12-09 22:47:28.923539
11	Black Throated Wind	\N	\N	2017-12-09 22:47:28.925808	2017-12-09 22:47:28.925814
12	Blues For Allah	\N	\N	2017-12-09 22:47:28.92743	2017-12-09 22:47:28.927436
13	Born Cross Eyed	\N	\N	2017-12-09 22:47:28.928912	2017-12-09 22:47:28.928916
14	Box Of Rain	\N	\N	2017-12-09 22:47:28.930123	2017-12-09 22:47:28.930127
15	Brokedown Palace	\N	\N	2017-12-09 22:47:28.93134	2017-12-09 22:47:28.931344
16	Brown-Eyed Women	\N	\N	2017-12-09 22:47:28.932545	2017-12-09 22:47:28.93255
17	Built To Last	\N	\N	2017-12-09 22:47:28.93367	2017-12-09 22:47:28.933675
18	Candyman	\N	\N	2017-12-09 22:47:28.934912	2017-12-09 22:47:28.934916
19	Can't Turn You Loose	\N	\N	2017-12-09 22:47:28.935968	2017-12-09 22:47:28.935972
20	Casey Jones	\N	\N	2017-12-09 22:47:28.937074	2017-12-09 22:47:28.937078
21	Cassidy	\N	\N	2017-12-09 22:47:28.938114	2017-12-09 22:47:28.938119
22	Caution (Do Not Stop On Tracks)	\N	\N	2017-12-09 22:47:28.939163	2017-12-09 22:47:28.939167
23	China Cat Sunflower	\N	\N	2017-12-09 22:47:28.940199	2017-12-09 22:47:28.940203
24	Cold Rain and Snow	\N	\N	2017-12-09 22:47:28.941164	2017-12-09 22:47:28.941168
25	Cosmic Charlie	\N	\N	2017-12-09 22:47:28.942158	2017-12-09 22:47:28.942162
26	Crazy Fingers	\N	\N	2017-12-09 22:47:28.943173	2017-12-09 22:47:28.943178
27	Cream Puff War	\N	\N	2017-12-09 22:47:28.944163	2017-12-09 22:47:28.944167
28	Cryptical Envelopment	\N	\N	2017-12-09 22:47:28.94516	2017-12-09 22:47:28.945164
29	Cumberland Blues	\N	\N	2017-12-09 22:47:28.946269	2017-12-09 22:47:28.946273
30	Dancing In The Streets	\N	\N	2017-12-09 22:47:28.947265	2017-12-09 22:47:28.947269
31	Dark Hollow	\N	\N	2017-12-09 22:47:28.948235	2017-12-09 22:47:28.948239
32	Dark Star	\N	\N	2017-12-09 22:47:28.949264	2017-12-09 22:47:28.949267
33	Deal	\N	\N	2017-12-09 22:47:28.950275	2017-12-09 22:47:28.950287
34	Deep Elem Blues	\N	\N	2017-12-09 22:47:28.951272	2017-12-09 22:47:28.951276
35	Dire Wolf	\N	\N	2017-12-09 22:47:28.952363	2017-12-09 22:47:28.952368
36	Doin' That Rag	\N	\N	2017-12-09 22:47:28.953386	2017-12-09 22:47:28.95339
37	Don't Ease Me In	\N	\N	2017-12-09 22:47:28.954331	2017-12-09 22:47:28.954335
38	Drums	\N	\N	2017-12-09 22:47:28.955301	2017-12-09 22:47:28.955305
39	Dupree's Diamond Blues	\N	\N	2017-12-09 22:47:28.956354	2017-12-09 22:47:28.956358
40	Easy Wind	\N	\N	2017-12-09 22:47:28.957641	2017-12-09 22:47:28.957645
41	Estimated Prophet	\N	\N	2017-12-09 22:47:28.958681	2017-12-09 22:47:28.958686
42	Eyes Of The World	\N	\N	2017-12-09 22:47:28.959754	2017-12-09 22:47:28.959759
43	Feel Like A Stranger	\N	\N	2017-12-09 22:47:28.960857	2017-12-09 22:47:28.960861
44	Fire On The Mountain	\N	\N	2017-12-09 22:47:28.961865	2017-12-09 22:47:28.961869
45	Franklin's Tower	\N	\N	2017-12-09 22:47:28.962853	2017-12-09 22:47:28.962858
46	Friend Of The Devil	\N	\N	2017-12-09 22:47:28.963921	2017-12-09 22:47:28.963925
47	Going Down The Road Feeling Bad	\N	\N	2017-12-09 22:47:28.964892	2017-12-09 22:47:28.964896
48	Golden Road (To Unlimited Devotion)	\N	\N	2017-12-09 22:47:28.965972	2017-12-09 22:47:28.965976
49	Gonesville	\N	Bob Weir	2017-12-09 22:47:28.966984	2017-12-09 22:47:28.966987
50	Good Lovin'	\N	\N	2017-12-09 22:47:28.967963	2017-12-09 22:47:28.967967
51	Greatest Story Ever Told	\N	\N	2017-12-09 22:47:28.968849	2017-12-09 22:47:28.968853
52	Happy Birthday	\N	(trad)	2017-12-09 22:47:28.969815	2017-12-09 22:47:28.969819
53	He's Gone	\N	\N	2017-12-09 22:47:28.97077	2017-12-09 22:47:28.970776
54	Heartbreaker	\N	\N	2017-12-09 22:47:28.971757	2017-12-09 22:47:28.971763
55	Hell In A Bucket	\N	\N	2017-12-09 22:47:28.972734	2017-12-09 22:47:28.97274
56	Help On The Way	\N	\N	2017-12-09 22:47:28.973729	2017-12-09 22:47:28.973732
57	Here Comes Sunshine	\N	\N	2017-12-09 22:47:28.974744	2017-12-09 22:47:28.974748
58	I Know You Rider	\N	\N	2017-12-09 22:47:28.975733	2017-12-09 22:47:28.975739
59	I Need A Miracle	\N	\N	2017-12-09 22:47:28.976721	2017-12-09 22:47:28.976725
60	In Memory of Elizabeth Reed	\N	Allman Brothers Band	2017-12-09 22:47:28.977928	2017-12-09 22:47:28.977934
61	Jack A Roe	\N	\N	2017-12-09 22:47:28.97898	2017-12-09 22:47:28.978985
62	Jack Straw	\N	\N	2017-12-09 22:47:28.979979	2017-12-09 22:47:28.979983
63	Jam	\N	\N	2017-12-09 22:47:28.980935	2017-12-09 22:47:28.980939
64	Kashmir	\N	Led Zeppelin	2017-12-09 22:47:28.981976	2017-12-09 22:47:28.98198
65	Killer Cars	\N	Radiohead	2017-12-09 22:47:28.983075	2017-12-09 22:47:28.983079
66	King Solomon's Marbles	\N	\N	2017-12-09 22:47:28.984091	2017-12-09 22:47:28.984095
67	Lady With a Fan	\N	\N	2017-12-09 22:47:28.985138	2017-12-09 22:47:28.985143
68	Lazy Lightning	\N	\N	2017-12-09 22:47:28.986116	2017-12-09 22:47:28.986121
69	Lonesome Whistle Blues	\N	Bob Dylan	2017-12-09 22:47:28.987105	2017-12-09 22:47:28.987109
70	Looks Like Rain	\N	\N	2017-12-09 22:47:28.988113	2017-12-09 22:47:28.988117
71	Loose Lucy	\N	\N	2017-12-09 22:47:28.989057	2017-12-09 22:47:28.989061
72	Loser	\N	\N	2017-12-09 22:47:28.990017	2017-12-09 22:47:28.990021
73	Lost Sailor	\N	\N	2017-12-09 22:47:28.991261	2017-12-09 22:47:28.991267
74	Magnificent Sanctuary Band	\N	Jerry Garcia Band	2017-12-09 22:47:28.992513	2017-12-09 22:47:28.992518
75	Mama Tried	\N	\N	2017-12-09 22:47:28.993579	2017-12-09 22:47:28.993585
76	Mason's Children	\N	\N	2017-12-09 22:47:28.994546	2017-12-09 22:47:28.994552
77	Me And My Uncle	\N	\N	2017-12-09 22:47:28.995725	2017-12-09 22:47:28.99573
78	Mission In The Rain	\N	\N	2017-12-09 22:47:28.996784	2017-12-09 22:47:28.996788
79	Mississippi Halfstep Uptown Toodeloo	\N	\N	2017-12-09 22:47:28.997914	2017-12-09 22:47:28.997921
80	Morning Dew	\N	\N	2017-12-09 22:47:28.999088	2017-12-09 22:47:28.999092
81	Mountains Of The Moon	\N	\N	2017-12-09 22:47:29.000107	2017-12-09 22:47:29.000111
82	Mr. Charlie	\N	\N	2017-12-09 22:47:29.001074	2017-12-09 22:47:29.001077
83	Must Have Been The Roses	\N	\N	2017-12-09 22:47:29.002039	2017-12-09 22:47:29.002042
84	My Brother Esau	\N	\N	2017-12-09 22:47:29.003274	2017-12-09 22:47:29.003278
85	New Minglewood Blues	\N	\N	2017-12-09 22:47:29.00424	2017-12-09 22:47:29.004244
86	New Speedway Boogie	\N	\N	2017-12-09 22:47:29.005267	2017-12-09 22:47:29.005271
87	Not Fade Away	\N	\N	2017-12-09 22:47:29.006334	2017-12-09 22:47:29.006338
88	One More Saturday Night	\N	\N	2017-12-09 22:47:29.007706	2017-12-09 22:47:29.007711
89	On The Road Again	\N	\N	2017-12-09 22:47:29.008779	2017-12-09 22:47:29.008784
90	Passenger	\N	\N	2017-12-09 22:47:29.009867	2017-12-09 22:47:29.009872
91	Playin' In The Band	\N	\N	2017-12-09 22:47:29.010861	2017-12-09 22:47:29.010865
92	Pride of Cucamonga	\N	\N	2017-12-09 22:47:29.011839	2017-12-09 22:47:29.011843
93	Promised Land	\N	Chuck Berry	2017-12-09 22:47:29.012866	2017-12-09 22:47:29.01287
94	Quinn The Eskimo	\N	Bob Dylan	2017-12-09 22:47:29.01388	2017-12-09 22:47:29.013884
95	Race Is On	\N	\N	2017-12-09 22:47:29.014892	2017-12-09 22:47:29.014896
96	Ramble On Rose	\N	\N	2017-12-09 22:47:29.016078	2017-12-09 22:47:29.016082
97	Reuben & Cherise	\N	\N	2017-12-09 22:47:29.017044	2017-12-09 22:47:29.017048
98	Ripple	\N	\N	2017-12-09 22:47:29.018007	2017-12-09 22:47:29.018011
99	Row Jimmy	\N	\N	2017-12-09 22:47:29.018911	2017-12-09 22:47:29.018915
100	Saint of Circumstance	\N	\N	2017-12-09 22:47:29.019873	2017-12-09 22:47:29.019877
101	Samson & Delilah	\N	\N	2017-12-09 22:47:29.020841	2017-12-09 22:47:29.020845
102	Scarlet Begonias	\N	\N	2017-12-09 22:47:29.021752	2017-12-09 22:47:29.021756
103	Shakedown Street	\N	\N	2017-12-09 22:47:29.022668	2017-12-09 22:47:29.022672
104	Shelter From The Storm	\N	Bob Dylan	2017-12-09 22:47:29.023611	2017-12-09 22:47:29.023615
105	Silvio	\N	Robert Hunter/Bob Dylan	2017-12-09 22:47:29.024656	2017-12-09 22:47:29.02466
106	Sitting On Top Of The World	\N	\N	2017-12-09 22:47:29.025637	2017-12-09 22:47:29.025641
107	Slipknot!	\N	\N	2017-12-09 22:47:29.02663	2017-12-09 22:47:29.026634
108	So Long Jerry	\N	Ween	2017-12-09 22:47:29.027572	2017-12-09 22:47:29.027576
109	So Many Roads	\N	\N	2017-12-09 22:47:29.028601	2017-12-09 22:47:29.028605
110	So What	\N	Miles Davis	2017-12-09 22:47:29.029567	2017-12-09 22:47:29.029571
111	Space	\N	\N	2017-12-09 22:47:29.030506	2017-12-09 22:47:29.03051
112	St. Stephen	\N	\N	2017-12-09 22:47:29.031469	2017-12-09 22:47:29.031473
113	Stagger Lee	\N	\N	2017-12-09 22:47:29.032777	2017-12-09 22:47:29.032781
114	Standing On The Moon	\N	\N	2017-12-09 22:47:29.03374	2017-12-09 22:47:29.033744
115	Stella Blue	\N	\N	2017-12-09 22:47:29.034691	2017-12-09 22:47:29.034695
116	Sugar Magnolia	\N	\N	2017-12-09 22:47:29.035644	2017-12-09 22:47:29.035648
117	Sugaree	\N	\N	2017-12-09 22:47:29.036585	2017-12-09 22:47:29.036589
118	Sunshine Daydream	\N	\N	2017-12-09 22:47:29.037485	2017-12-09 22:47:29.037489
119	Supplication	\N	\N	2017-12-09 22:47:29.038515	2017-12-09 22:47:29.038519
120	Tennessee Jed	\N	\N	2017-12-09 22:47:29.039519	2017-12-09 22:47:29.039523
130	Throwing Stones	\N	\N	2017-12-09 22:47:29.05078	2017-12-09 22:47:29.050785
140	Weather Report Suite	\N	\N	2017-12-09 22:47:29.061223	2017-12-09 22:47:29.061228
121	Terrapin Flyer	\N	\N	2017-12-09 22:47:29.041097	2017-12-09 22:47:29.041101
131	Til The Morning Comes	\N	\N	2017-12-09 22:47:29.051856	2017-12-09 22:47:29.051861
141	West LA Fadeaway	\N	\N	2017-12-09 22:47:29.062254	2017-12-09 22:47:29.06226
122	Terrapin Station	\N	\N	2017-12-09 22:47:29.042077	2017-12-09 22:47:29.042081
132	Touch Of Grey	\N	\N	2017-12-09 22:47:29.052956	2017-12-09 22:47:29.05296
142	Wharf Rat	\N	\N	2017-12-09 22:47:29.063303	2017-12-09 22:47:29.063307
123	Terrapin Transit	\N	\N	2017-12-09 22:47:29.04305	2017-12-09 22:47:29.043055
133	Truckin'	\N	\N	2017-12-09 22:47:29.053984	2017-12-09 22:47:29.053988
143	Women Are Smarter	\N	\N	2017-12-09 22:47:29.064315	2017-12-09 22:47:29.064319
124	The Eleven	\N	\N	2017-12-09 22:47:29.044084	2017-12-09 22:47:29.044089
134	Turn On Your Lovelight	\N	\N	2017-12-09 22:47:29.054977	2017-12-09 22:47:29.054981
125	The Music Never Stopped	\N	\N	2017-12-09 22:47:29.045197	2017-12-09 22:47:29.045202
135	U.S. Blues	\N	\N	2017-12-09 22:47:29.055973	2017-12-09 22:47:29.055977
126	The Other One	\N	\N	2017-12-09 22:47:29.046336	2017-12-09 22:47:29.04634
136	Unbroken Chain	\N	\N	2017-12-09 22:47:29.05702	2017-12-09 22:47:29.057024
127	The Stranger (Two Souls In Communion)	\N	\N	2017-12-09 22:47:29.047408	2017-12-09 22:47:29.047413
137	Uncle John's Band	\N	\N	2017-12-09 22:47:29.058089	2017-12-09 22:47:29.058093
128	The Wheel	\N	\N	2017-12-09 22:47:29.048461	2017-12-09 22:47:29.048465
138	Viola Lee Blues	\N	\N	2017-12-09 22:47:29.059073	2017-12-09 22:47:29.059078
129	They Love Each Other	\N	\N	2017-12-09 22:47:29.049617	2017-12-09 22:47:29.049622
139	We Bid You Goodnight	\N	\N	2017-12-09 22:47:29.060134	2017-12-09 22:47:29.060139
144	No Quarter	\N	Led Zeppelin	2017-12-10 00:22:49.722589	2017-12-10 00:22:49.722596
145	All Along The Watchtower	\N	Bob Dylan	2017-12-10 00:53:58.299026	2017-12-10 00:53:58.299033
\.


--
-- Name: songs_id_seq; Type: SEQUENCE SET; Schema: public; Owner: postgres
--

SELECT pg_catalog.setval('songs_id_seq', 145, true);


--
-- Data for Name: venues; Type: TABLE DATA; Schema: public; Owner: postgres
--

COPY venues (id, name, location, capacity, inserted_at, updated_at) FROM stdin;
1	Brooklyn Bowl	Brooklyn, NY	600	2017-12-09 22:47:09.61893	2017-12-09 22:47:09.630507
2	Capitol Theatre	Port Chester, NY	1800	2017-12-09 22:49:51.622585	2017-12-09 22:49:51.622592
3	Seaside Park	Bridgeport, CT	\N	2017-12-09 23:53:09.754878	2017-12-09 23:53:14.31746
4	Concord Music Hall	Chicago, IL	\N	2017-12-09 23:59:36.841879	2017-12-09 23:59:36.841886
5	Golden Gate Park	San Francisco, CA	\N	2017-12-10 00:07:38.925054	2017-12-10 00:07:38.925061
6	Boulder Theater	Boulder, CO	850	2017-12-10 00:09:32.911021	2017-12-10 00:09:32.911028
7	Ogden Theatre	Denver, CO	1600	2017-12-10 00:16:15.948725	2017-12-10 00:16:15.948733
8	Hulaween	Live Oak, FL	\N	2017-12-10 00:20:45.478496	2017-12-10 00:20:45.478502
\.


--
-- Name: venues_id_seq; Type: SEQUENCE SET; Schema: public; Owner: postgres
--

SELECT pg_catalog.setval('venues_id_seq', 8, true);


--
-- Name: schema_migrations schema_migrations_pkey; Type: CONSTRAINT; Schema: public; Owner: postgres
--

ALTER TABLE ONLY schema_migrations
    ADD CONSTRAINT schema_migrations_pkey PRIMARY KEY (version);


--
-- Name: sets sets_pkey; Type: CONSTRAINT; Schema: public; Owner: postgres
--

ALTER TABLE ONLY sets
    ADD CONSTRAINT sets_pkey PRIMARY KEY (id);


--
-- Name: shows shows_pkey; Type: CONSTRAINT; Schema: public; Owner: postgres
--

ALTER TABLE ONLY shows
    ADD CONSTRAINT shows_pkey PRIMARY KEY (id);


--
-- Name: song_performances song_performances_pkey; Type: CONSTRAINT; Schema: public; Owner: postgres
--

ALTER TABLE ONLY song_performances
    ADD CONSTRAINT song_performances_pkey PRIMARY KEY (id);


--
-- Name: songs songs_pkey; Type: CONSTRAINT; Schema: public; Owner: postgres
--

ALTER TABLE ONLY songs
    ADD CONSTRAINT songs_pkey PRIMARY KEY (id);


--
-- Name: venues venues_pkey; Type: CONSTRAINT; Schema: public; Owner: postgres
--

ALTER TABLE ONLY venues
    ADD CONSTRAINT venues_pkey PRIMARY KEY (id);


--
-- Name: sets_opener_id_index; Type: INDEX; Schema: public; Owner: postgres
--

CREATE INDEX sets_opener_id_index ON sets USING btree (opener_id);


--
-- Name: sets_show_id_index; Type: INDEX; Schema: public; Owner: postgres
--

CREATE INDEX sets_show_id_index ON sets USING btree (show_id);


--
-- Name: shows_venue_id_index; Type: INDEX; Schema: public; Owner: postgres
--

CREATE INDEX shows_venue_id_index ON shows USING btree (venue_id);


--
-- Name: song_performances_antecedent_id_index; Type: INDEX; Schema: public; Owner: postgres
--

CREATE UNIQUE INDEX song_performances_antecedent_id_index ON song_performances USING btree (antecedent_id);


--
-- Name: song_performances_set_id_index; Type: INDEX; Schema: public; Owner: postgres
--

CREATE INDEX song_performances_set_id_index ON song_performances USING btree (set_id);


--
-- Name: song_performances_song_id_index; Type: INDEX; Schema: public; Owner: postgres
--

CREATE INDEX song_performances_song_id_index ON song_performances USING btree (song_id);


--
-- Name: songs_name_index; Type: INDEX; Schema: public; Owner: postgres
--

CREATE INDEX songs_name_index ON songs USING btree (name);


--
-- Name: songs_shortname_index; Type: INDEX; Schema: public; Owner: postgres
--

CREATE INDEX songs_shortname_index ON songs USING btree (shortname);


--
-- Name: venues_name_index; Type: INDEX; Schema: public; Owner: postgres
--

CREATE INDEX venues_name_index ON venues USING btree (name);


--
-- Name: sets sets_opener_id_fkey; Type: FK CONSTRAINT; Schema: public; Owner: postgres
--

ALTER TABLE ONLY sets
    ADD CONSTRAINT sets_opener_id_fkey FOREIGN KEY (opener_id) REFERENCES song_performances(id) ON DELETE SET NULL;


--
-- Name: sets sets_show_id_fkey; Type: FK CONSTRAINT; Schema: public; Owner: postgres
--

ALTER TABLE ONLY sets
    ADD CONSTRAINT sets_show_id_fkey FOREIGN KEY (show_id) REFERENCES shows(id);


--
-- Name: shows shows_venue_id_fkey; Type: FK CONSTRAINT; Schema: public; Owner: postgres
--

ALTER TABLE ONLY shows
    ADD CONSTRAINT shows_venue_id_fkey FOREIGN KEY (venue_id) REFERENCES venues(id);


--
-- Name: song_performances song_performances_antecedent_id_fkey; Type: FK CONSTRAINT; Schema: public; Owner: postgres
--

ALTER TABLE ONLY song_performances
    ADD CONSTRAINT song_performances_antecedent_id_fkey FOREIGN KEY (antecedent_id) REFERENCES song_performances(id);


--
-- Name: song_performances song_performances_set_id_fkey; Type: FK CONSTRAINT; Schema: public; Owner: postgres
--

ALTER TABLE ONLY song_performances
    ADD CONSTRAINT song_performances_set_id_fkey FOREIGN KEY (set_id) REFERENCES sets(id);


--
-- Name: song_performances song_performances_song_id_fkey; Type: FK CONSTRAINT; Schema: public; Owner: postgres
--

ALTER TABLE ONLY song_performances
    ADD CONSTRAINT song_performances_song_id_fkey FOREIGN KEY (song_id) REFERENCES songs(id);


--
-- Name: public; Type: ACL; Schema: -; Owner: alxndr
--

REVOKE ALL ON SCHEMA public FROM PUBLIC;
REVOKE ALL ON SCHEMA public FROM alxndr;
GRANT ALL ON SCHEMA public TO alxndr;
GRANT ALL ON SCHEMA public TO PUBLIC;


--
-- PostgreSQL database dump complete
--

